Fund Name,P1,P2,P3,P4,P5,TOPSIS Score,Rank
M1,0.65,0.42,5.3,61.0,16.84,0.4387376250269106,6.0
M2,0.63,0.4,3.1,63.3,16.86,0.5569769092898386,4.0
M3,0.89,0.79,4.0,52.0,14.42,0.6359909623810133,2.0
M4,0.76,0.58,5.2,54.1,15.16,0.4308649503359997,7.0
M5,0.95,0.9,6.2,61.2,17.31,0.6276141203023435,3.0
M6,0.8,0.64,6.8,54.5,15.69,0.3808219531190727,8.0
M7,0.93,0.86,5.3,44.8,12.97,0.48895578439408505,5.0
M8,0.95,0.9,3.8,59.9,16.39,0.8570670310704023,1.0
